month,Российская Федерация,Центральный федеральный округ,Белгородская область,Брянская область,Владимирская область,Воронежская область,Ивановская область,Калужская область,Костромская область,Курская область,Липецкая область,Московская область,Орловская область,Рязанская область,Смоленская область,Тамбовская область,Тверская область,Тульская область,Ярославская область,Город Москва столица Российской Федерации город федерального значения,Северо-Западный федеральный округ,Республика Карелия,Республика Коми,Архангельская область,Ненецкий автономный округ (Архангельская область),Вологодская область,Калининградская область,Ленинградская область,Мурманская область,Новгородская область,Псковская область,Город Санкт-Петербург город федерального значения,Республика Адыгея (Адыгея),Республика Калмыкия,Краснодарский край,Астраханская область,Волгоградская область,Ростовская область,Республика Дагестан,Республика Ингушетия,Кабардино-Балкарская Республика,Карачаево-Черкесская Республика,Республика Северная Осетия-Алания,Чеченская Республика,Ставропольский край,Приволжский федеральный округ,Республика Башкортостан,Республика Марий Эл,Республика Мордовия,Республика Татарстан (Татарстан),Удмуртская Республика,Чувашская Республика - Чувашия,Пермский край,Кировская область,Нижегородская область,Оренбургская область,Пензенская область,Самарская область,Саратовская область,Ульяновская область,Уральский федеральный округ,Курганская область,Свердловская область,Тюменская область,Ханты-Мансийский автономный округ - Югра (Тюменская область),Ямало-Ненецкий автономный округ (Тюменская область),Челябинская область,Республика Алтай,Республика Тыва,Республика Хакасия,Алтайский край,Красноярский край,Иркутская область,Кемеровская область - Кузбасс,Новосибирская область,Омская область,Томская область,Республика Бурятия,Забайкальский край,Республика Саха (Якутия),Камчатский край,Приморский край,Хабаровский край,Амурская область,Магаданская область,Сахалинская область,Еврейская автономная область,Чукотский автономный округ
01.2006,55509,14845,686,471,473,945,347,372,306,551,604,2982,298,469,373,480,537,573,472,3906,4977,239,359,492,20,420,364,437,437,241,236,1752,163,101,1963,359,941,1563,1014,159,469,214,274,570,1058,11667,1556,285,386,1367,545,511,955,487,1357,912,649,1206,940,511,4953,427,1580,1613,754,272,1333,80,96,186,953,1100,942,1250,1080,759,419,383,512,284,180,727,525,317,89,248,78,11
02.2006,62449,16414,751,625,623,1042,438,431,367,635,652,2976,421,491,418,513,542,677,565,4247,5898,313,426,567,23,528,437,548,486,277,337,1979,156,94,2052,365,1076,1620,1108,242,336,243,319,800,1170,13238,1680,333,442,1554,614,656,1088,561,1480,984,742,1441,1087,576,5751,471,1871,1878,857,321,1531,97,105,235,1007,1285,957,1373,1104,852,438,436,564,531,204,815,632,442,99,282,67,42
03.2006,70798,15753,639,554,601,785,447,463,339,492,478,2979,352,396,493,379,640,590,626,4500,7287,357,577,737,33,646,514,820,638,333,327,2338,201,125,2360,437,991,1755,1416,307,435,243,344,990,1082,13618,2144,336,280,1916,775,494,1375,710,1245,921,578,1365,1024,455,7553,593,2607,2507,1180,395,1846,126,173,351,1311,1847,1494,1908,1470,1122,668,577,715,552,273,1236,837,613,126,333,119,50
04.2006,86055,21803,809,665,779,1254,529,648,426,659,714,4484,453,689,573,585,814,984,666,6072,8009,372,585,756,24,671,588,834,603,379,405,2816,233,221,3045,719,1477,2407,1475,236,503,282,447,1816,1494,16058,2372,377,440,2095,770,531,1367,787,1566,1216,724,1788,1387,638,8397,657,2867,2738,1301,441,2135,127,130,342,1554,1830,1589,2035,1639,1190,717,717,901,715,261,1432,1004,604,127,364,114,41
05.2006,35960,9384,427,239,292,623,206,192,154,346,330,1644,192,248,224,223,339,304,301,3100,3888,176,190,280,14,305,273,382,299,171,146,1666,135,61,1359,280,635,1068,1100,267,312,191,227,953,688,5862,666,118,132,678,239,294,459,270,781,417,296,716,532,264,3093,224,1044,1137,602,187,688,64,91,101,562,760,555,751,681,489,268,164,257,218,112,486,362,218,47,185,50,36
06.2006,111409,29571,1240,1062,1098,1544,786,766,531,835,918,5688,735,853,753,710,1097,1145,1062,8748,11448,538,861,982,37,963,814,1114,780,510,481,4405,297,214,4110,703,1737,3076,1531,232,484,265,461,821,1927,22369,3179,517,602,2590,1132,770,1945,1004,2632,1666,995,2620,1787,930,10753,772,3712,3517,1812,466,2752,142,145,425,1900,2494,1981,2475,2431,1570,948,720,854,718,301,1606,1216,688,165,422,171,38
07.2006,127475,35691,1581,1349,1397,2121,1062,1035,688,1100,1167,6790,804,1193,1014,989,1412,1402,1266,9321,12670,633,853,1162,25,1024,1044,1175,693,603,657,4826,348,183,4064,734,1994,3355,1731,241,552,350,436,964,2087,26505,3667,609,651,3109,1330,1024,2088,1180,3217,1988,1170,3087,2113,1272,12002,888,4271,3542,1743,369,3301,212,130,482,2338,2515,2171,2906,2642,1851,1037,829,1047,619,270,1795,1176,756,162,437,128,65
08.2006,149120,39263,1787,1596,1689,2320,1299,1144,850,1144,1243,7068,859,1267,1132,1076,1665,1625,1627,9872,14000,760,925,1286,26,1371,971,1372,643,751,838,5083,419,354,4574,1086,2523,4329,2616,275,615,357,534,921,2494,33472,4702,794,672,4688,1614,1397,2655,1436,3619,2430,1359,3863,2780,1463,13160,1145,4628,3758,1733,412,3629,261,221,612,3034,2905,2494,3180,3390,2219,1170,947,1150,844,299,2085,1441,982,123,541,199,31
09.2006,151116,40480,1787,1427,1707,2852,1198,1122,756,1257,1501,7520,842,1381,1019,1179,1415,1690,1432,10395,13496,661,845,1167,28,1159,1096,1320,801,684,671,5092,427,322,6439,1378,3175,5509,2475,236,728,371,509,798,3025,32978,3775,679,921,4115,1550,1342,2455,1284,4125,2429,1699,4140,2884,1580,12817,928,4411,3632,1705,478,3846,262,205,501,2460,2817,2135,2865,2872,1906,1096,853,1019,769,395,2498,1576,808,163,547,169,37
10.2006,95192,24137,1140,765,884,1434,706,567,429,776,870,4425,513,668,860,391,930,928,761,6825,9503,432,573,755,29,804,720,883,625,470,435,3806,368,199,4562,815,1929,3418,1484,184,548,287,444,613,2054,17866,2156,433,542,1750,870,712,1484,781,2068,1444,911,2237,1693,785,8573,642,2706,2874,1246,421,2351,158,113,421,1762,1986,1654,1920,1761,1328,707,762,847,489,298,1593,1022,580,151,456,169,31
11.2006,86480,21207,957,806,898,1317,603,537,399,795,830,3823,493,701,403,578,783,850,700,5734,8277,422,641,777,23,676,551,799,661,420,371,2959,256,192,3493,695,1465,2599,2278,285,703,341,402,777,1750,17557,2360,425,553,1979,805,890,1436,735,2016,1350,919,1904,1404,781,7964,605,2449,2810,1359,461,2100,154,140,368,1411,1838,1597,1679,1593,1176,666,694,758,575,297,1222,870,527,129,393,110,42
12.2006,82101,19009,615,694,685,855,538,497,436,492,463,3699,412,405,549,365,844,739,680,6041,8822,452,686,843,36,720,587,886,679,439,422,3108,251,167,3152,577,1291,2125,1917,299,635,287,407,902,1219,14935,2658,361,198,2156,829,526,1532,824,1074,897,527,1539,1254,560,8232,652,2721,2638,1257,533,2221,120,190,402,1554,2085,1806,1853,1727,1278,696,763,850,709,349,1285,970,536,165,395,107,34
01.2007,59495,15433,739,480,560,886,385,375,303,530,638,3024,322,521,374,478,594,662,478,4084,5346,221,397,507,20,460,382,584,453,244,221,1877,170,109,2005,378,1010,1539,1249,291,465,198,331,1002,1075,12253,1664,308,393,1532,565,545,1026,456,1383,947,670,1314,975,475,5466,452,1756,1845,855,315,1413,97,89,217,1069,1276,992,1213,1236,815,430,464,536,263,206,816,604,377,105,295,50,25
02.2007,68255,17430,801,672,673,1006,449,425,399,610,670,3196,451,513,446,507,679,709,546,4678,6258,316,487,615,17,584,420,600,505,304,306,2121,174,129,2142,454,1195,1846,1563,299,418,268,342,1273,1167,14285,1878,380,486,1761,676,693,1210,606,1537,949,729,1589,1170,621,6181,519,1877,2180,1040,373,1605,126,184,305,1221,1364,1136,1510,1267,966,525,522,490,578,186,859,635,481,97,273,76,30
03.2007,68173,13878,435,334,412,580,464,362,225,446,313,2657,247,254,414,256,775,502,551,4651,7297,341,554,783,39,602,574,775,587,325,321,2435,215,126,2338,419,917,1680,1661,321,439,271,358,1276,1003,12187,2273,291,171,1979,758,395,1349,722,810,688,394,1096,845,416,7664,607,2548,2582,1230,410,1927,105,220,328,1330,2013,1511,1602,1611,1083,654,614,913,592,237,1239,887,534,123,361,136,30
04.2007,106800,29703,1328,1031,1100,1799,771,785,584,926,1090,6067,666,942,716,819,1118,1297,950,7714,9494,446,680,833,31,785,761,994,747,483,485,3280,328,272,3927,888,2192,3329,1816,412,541,304,451,1153,2196,21205,2632,479,583,2491,946,818,1711,905,2493,1644,1141,2490,1928,944,9427,650,3181,3246,1572,567,2350,162,224,453,1774,2133,1773,2124,1915,1317,765,785,993,748,299,1399,945,652,142,382,130,47
05.2007,39331,10529,363,274,308,509,357,242,153,378,345,1927,167,318,273,269,504,333,320,3489,4309,204,214,297,12,409,277,397,315,178,178,1840,130,74,1269,259,598,1199,1303,333,324,197,247,1166,842,6274,802,144,175,745,235,308,493,256,728,487,308,743,549,301,3223,296,1017,1258,639,209,652,67,152,125,609,841,636,754,782,536,259,178,276,191,151,468,459,254,53,170,42,52
06.2007,119012,31572,1265,1168,1132,1563,949,975,564,975,886,5868,705,916,951,696,1267,1354,1204,9134,12552,536,831,1110,29,1013,911,1259,803,595,532,4962,355,203,4194,662,1888,3314,1638,220,602,330,441,1067,1941,23431,3488,547,506,2905,1279,838,2026,1069,2438,1570,970,2871,1970,954,11240,751,3859,3754,1853,501,2876,168,197,440,2107,2745,2255,2594,2700,1674,1078,738,1017,734,338,1826,1222,748,164,438,148,31
07.2007,147253,41328,1843,1647,1653,2432,1189,1256,824,1352,1403,7937,1016,1385,1220,1174,1542,1777,1432,10246,14333,710,893,1306,27,1148,1030,1459,714,699,721,5653,396,194,4517,824,2296,3951,1766,242,640,420,595,1190,2268,31401,4248,720,820,3726,1663,1299,2672,1397,3690,2266,1432,3651,2383,1434,13726,1033,5240,3847,1812,453,3606,298,301,668,2708,2961,2547,3023,3146,2036,1158,915,1130,728,315,2115,1341,844,160,572,159,41
08.2007,163630,42609,1926,1821,1821,2638,1346,1285,884,1285,1227,7495,1020,1344,1257,1148,1723,1767,1807,10815,15693,798,1018,1371,36,1445,1151,1576,695,782,887,5970,445,322,4982,1132,2637,4588,2583,248,656,355,564,1208,2497,37777,5168,858,764,5269,1905,1529,3072,1645,4073,2742,1574,4335,3156,1687,14632,1224,5337,3997,1747,405,4074,265,356,739,3272,3447,2881,3203,3640,2331,1336,965,1187,913,337,2245,1571,982,167,621,208,36
09.2007,152696,41779,1980,1508,1723,3015,1167,1185,718,1325,1562,7787,833,1532,1072,1283,1470,1743,1323,10553,13980,662,871,1190,25,1189,1002,1244,793,653,668,5708,444,315,6516,1253,3129,5836,2298,231,675,381,521,1064,3117,32633,3696,715,932,3822,1595,1455,2410,1287,3838,2446,1747,4258,2941,1491,12774,996,4312,3581,1663,469,3885,244,294,529,2483,2727,2218,2812,2931,1858,1046,809,964,765,346,2402,1515,858,166,570,165,48
10.2007,108414,27545,1329,921,976,1745,696,745,552,990,957,5008,613,869,748,741,1191,1085,856,7523,9890,484,661,791,32,844,761,991,690,496,516,3656,365,190,5472,1023,2137,4120,2149,232,671,305,490,1175,2423,21069,2670,468,618,2325,1053,872,1844,884,2404,1659,1040,2476,1789,967,9304,784,3149,2916,1295,464,2455,214,170,396,1825,2255,1843,2044,2142,1466,760,809,881,526,348,1737,988,603,149,496,166,36
11.2007,112961,28827,1531,1207,1056,2074,663,684,555,1170,1153,4935,768,927,799,859,1082,1208,858,7298,10207,527,821,989,44,908,743,1041,736,494,566,3382,392,297,5324,804,1915,3779,2288,232,710,353,419,1214,2250,23403,2972,673,849,2688,1172,1240,2151,1082,2440,1637,1285,2447,1807,960,10051,711,3235,3506,1659,581,2599,168,258,511,1721,2611,2231,2085,1985,1448,754,907,985,722,324,1449,1016,601,166,402,122,30
12.2007,116561,27525,1359,1152,916,1579,712,786,530,1030,674,5036,766,638,815,573,1075,1163,846,7875,11348,578,1000,1502,62,962,782,1059,892,497,500,3576,412,199,4872,740,1783,3759,2200,258,734,335,534,1598,1837,23209,4144,715,310,3552,1497,914,2518,1251,1479,1431,740,2140,1664,854,11610,890,3745,4037,1837,701,2938,174,252,578,1940,2859,2791,2267,2253,1554,865,1055,1259,1194,375,1518,1145,695,180,460,116,78
01.2008,58668,14601,572,375,517,784,382,411,262,499,517,2793,318,499,298,415,559,628,471,4301,5620,267,335,476,34,454,412,561,442,244,235,2194,163,91,1964,321,851,1581,1402,245,426,200,259,2373,1036,11187,1470,218,323,1452,521,477,907,425,1365,875,584,1248,829,493,5242,458,1789,1701,825,266,1294,93,113,176,1006,1209,945,1365,1261,819,432,495,492,284,168,770,586,389,95,299,76,33
02.2008,68195,16440,678,567,641,920,464,421,360,561,566,2819,324,494,423,472,664,671,710,4685,6542,374,483,563,29,579,505,636,463,317,322,2300,207,113,1987,369,1045,1614,1493,316,365,248,347,3309,1031,13659,1623,341,392,1641,599,525,1326,644,1735,959,714,1439,1111,610,6215,468,2115,2104,1025,308,1528,93,148,254,1224,1402,1199,1455,1367,850,560,454,561,491,235,889,712,460,119,299,100,23
03.2008,85275,20827,865,755,758,1099,536,562,427,646,708,4044,424,614,530,538,883,891,701,5846,8079,417,559,814,41,656,629,821,625,360,333,2865,278,143,3154,627,1465,2396,1895,283,460,305,395,1609,1393,16238,2432,331,388,2165,811,645,1387,701,1578,1153,800,1819,1391,637,8415,621,2680,2901,1385,456,2213,156,233,375,1611,1923,1550,2081,1741,1194,743,566,778,600,242,1303,920,585,158,399,105,50
04.2008,70528,14798,460,377,497,523,351,424,324,336,340,2678,276,326,414,285,824,466,603,5294,7991,435,543,674,35,655,579,825,573,349,284,3074,235,226,2258,508,844,1665,1947,287,486,253,394,1109,973,12302,2069,246,207,1790,750,386,1369,689,891,848,420,1329,863,445,7386,652,2389,2551,1159,395,1794,135,248,309,1389,1828,1585,1517,1815,1263,627,731,892,670,310,1249,965,608,121,411,160,33
05.2008,52634,15293,639,401,477,935,356,495,252,546,571,2938,307,453,313,372,516,686,435,4601,5382,235,300,411,12,403,442,525,380,250,245,2191,192,66,1989,471,1055,1724,1591,243,344,187,238,860,1006,9221,1059,176,261,1042,382,398,679,338,1098,721,524,1174,899,470,4109,295,1202,1485,768,292,1127,78,195,143,879,925,758,1057,931,574,372,190,306,257,145,670,576,239,70,211,58,29
06.2008,119283,32396,1327,1192,1296,1777,867,950,600,938,1077,6301,714,1051,918,826,1221,1395,1099,8847,11472,563,719,979,34,970,944,1127,721,527,507,4415,329,196,4327,775,2012,3499,1808,262,566,330,430,888,2068,24756,3407,539,607,2874,1229,946,2064,1021,2877,1761,1181,2989,2128,1133,10893,858,3818,3438,1681,458,2779,193,192,430,2117,2364,2017,2778,2634,1621,973,720,886,638,303,1682,1202,746,158,436,152,34
07.2008,125496,33882,1409,1241,1343,1992,959,1051,679,1048,1052,6222,740,1157,987,900,1322,1353,1312,9115,13557,654,813,1047,28,1085,944,1274,677,657,615,5791,341,178,3693,750,1850,2989,1943,257,561,316,481,1088,1946,25955,3638,564,669,3134,1281,970,2122,1143,3249,1882,1153,3017,2008,1125,11588,862,4106,3466,1604,377,3154,278,259,437,2234,2693,2305,2622,3090,1849,1085,773,1094,599,301,1673,1175,822,134,493,150,55
08.2008,192591,50269,2191,1957,2096,3206,1537,1588,1089,1523,1592,9430,1146,1571,1434,1355,1956,2252,1886,12460,18003,923,1188,1620,37,1586,1421,1836,812,906,1030,6681,531,381,6030,1318,3148,5420,2850,244,818,451,618,1018,2917,43816,6291,969,952,6098,2256,1610,3737,1735,4544,3041,1881,5100,3671,1931,17927,1371,6470,4852,2275,485,5234,350,419,827,3949,3983,3130,4186,4267,2678,1642,1162,1359,1388,414,2871,1939,1087,193,669,250,69
09.2008,129196,34894,1483,1159,1471,2249,979,1011,687,973,1233,6371,748,1055,990,1036,1287,1394,1281,9487,13034,632,767,1080,21,1000,891,1232,648,574,578,5632,436,279,5230,1025,2491,4400,1894,246,524,279,628,849,2517,26548,2985,614,717,2595,1308,1154,2154,1172,3446,1961,1327,3515,2390,1210,11165,817,3852,3205,1479,416,3291,228,269,421,2061,2330,2052,2436,2663,1691,977,733,864,691,314,2039,1420,732,134,517,158,27
10.2008,107600,26311,1137,933,978,1508,683,826,489,846,905,4837,569,703,707,749,1022,1029,856,7534,10828,521,728,721,27,850,767,1005,660,518,433,4625,367,238,5038,1074,2024,3496,2681,276,809,345,470,980,2224,21433,2879,496,583,2616,967,861,1754,959,2387,1650,1011,2485,1814,971,9653,754,3146,2963,1427,444,2790,238,138,389,1725,2168,1833,2034,1895,1372,814,814,841,551,370,1711,1079,602,141,471,132,35
11.2008,92839,23424,966,895,889,1388,625,662,464,810,791,4362,514,756,566,645,941,943,681,6526,9469,410,656,855,35,732,617,952,712,446,422,3667,303,192,4171,785,1628,2946,2207,226,714,342,420,867,1826,18272,2408,461,585,2064,924,836,1518,759,1943,1429,906,2139,1517,783,8162,627,2504,2761,1317,448,2270,167,272,371,1513,1783,1582,1909,1752,1142,668,708,735,554,237,1297,943,557,152,382,125,36
12.2008,76409,17748,648,660,668,813,508,501,344,501,460,3502,369,445,485,366,797,725,624,5332,8477,446,612,794,19,642,552,893,582,415,366,3175,284,178,2871,557,1168,2168,2049,409,562,245,283,1079,1285,14281,2388,406,229,2026,765,517,1582,725,1090,963,496,1436,1142,516,7281,572,2387,2532,1128,456,1790,111,236,310,1138,1572,1395,1623,1781,1172,626,593,734,685,242,1099,963,532,130,382,106,54
01.2009,65507,17591,723,517,678,1011,405,439,317,566,621,3222,358,547,402,496,670,668,565,5386,6222,321,460,569,33,508,463,641,456,274,281,2249,188,118,2126,427,1045,1792,1489,386,511,204,309,962,1086,13172,1860,288,382,1649,645,528,1131,490,1484,1011,688,1368,1081,567,6052,440,2012,2119,1043,332,1481,92,132,234,1091,1384,1076,1184,1415,922,454,461,554,315,179,857,590,400,96,285,79,27
02.2009,81024,21924,961,836,860,1292,619,643,487,794,826,3924,544,649,565,620,798,896,736,5874,7569,394,572,789,29,623,490,796,577,348,371,2609,201,113,2751,530,1431,2235,1435,447,366,256,378,1211,1351,16892,2174,379,527,1911,792,760,1522,685,1960,1244,889,1865,1398,786,7296,587,2376,2398,1082,406,1935,122,186,267,1371,1672,1438,1568,1395,1053,555,580,669,619,263,1063,736,541,103,314,82,41
03.2009,65250,13742,468,375,414,603,368,374,295,358,303,2591,226,283,412,276,680,575,528,4613,7379,352,575,740,34,554,452,804,566,265,301,2770,202,130,2219,388,779,1620,1775,458,385,223,366,1230,934,11890,2247,266,176,1716,667,374,1321,564,802,803,349,1248,857,500,6735,540,2221,2303,1142,353,1671,124,239,342,1214,1728,1397,1414,1549,1073,574,633,722,550,231,1091,773,553,100,347,88,53
04.2009,98242,26626,1092,836,981,1523,630,698,494,764,830,5506,534,762,632,727,1004,1098,820,7695,9743,438,691,879,38,759,668,929,724,449,420,3786,268,269,3193,815,1648,2726,1878,308,589,250,501,1033,1676,19010,2609,443,514,2343,926,587,1782,854,2044,1400,870,2295,1481,862,9071,671,2973,3117,1507,561,2310,161,301,413,1671,1963,1779,1793,1915,1287,714,859,895,823,290,1396,1002,712,143,368,118,35
05.2009,45622,12863,501,340,381,669,272,400,171,429,404,2217,219,335,253,256,534,486,396,4600,4877,213,286,351,11,362,366,468,318,209,198,2106,175,66,1963,364,804,1416,1377,251,330,162,238,851,779,7410,1003,156,167,773,366,343,615,276,884,485,368,909,759,306,3763,268,1103,1376,738,237,1016,74,177,165,748,1002,687,780,864,519,316,156,336,228,178,593,473,243,78,223,59,34
06.2009,118230,31881,1237,1104,1136,1683,757,853,595,826,1119,6158,672,926,882,738,1153,1279,1073,9690,12499,577,827,1036,27,926,814,1154,669,517,515,5464,343,235,4207,727,1939,3344,1852,319,563,268,438,967,2018,23236,3556,533,545,2795,1224,839,2223,1016,2426,1697,995,2586,1861,940,10801,741,3664,3550,1748,491,2846,184,219,474,1982,2498,2117,2369,2656,1745,918,828,1025,693,315,1764,1195,793,148,462,167,41
07.2009,138227,37662,1450,1300,1511,2211,1018,1045,684,1133,1056,6935,786,1163,1039,978,1496,1454,1422,10981,14725,698,984,1210,24,1097,1053,1347,710,687,660,6279,332,183,4051,738,1847,3307,2252,354,587,386,505,1110,1914,28739,4136,641,636,3692,1572,1016,2662,1369,3428,1927,1197,3160,2102,1201,12720,883,4689,3691,1719,373,3457,286,288,596,2495,3321,2696,2613,3250,1985,1257,889,1140,791,373,1782,1341,878,136,488,165,45
08.2009,164684,45051,2072,1741,1743,2917,1247,1386,910,1323,1365,8421,972,1452,1289,1205,1700,1905,1622,11781,16191,798,965,1393,32,1353,1147,1500,712,838,888,6597,405,314,5093,1107,2708,4538,2680,273,802,388,567,1125,2627,36157,5122,793,811,4865,1962,1457,2876,1466,3750,2631,1549,4235,3025,1615,14310,1162,4962,4000,1759,451,4186,255,318,680,3219,3226,2668,3371,3549,2288,1284,1026,1204,1105,334,2299,1587,1023,130,564,183,35
09.2009,141188,38480,1660,1196,1525,2454,997,938,759,1055,1268,7263,662,1204,1008,1129,1380,1497,1304,11181,13899,613,843,1083,30,993,915,1255,713,670,610,6204,448,354,5712,1050,2571,4855,1986,178,604,336,540,846,2762,29268,3586,624,763,3017,1422,1120,2636,1246,3615,2323,1459,3626,2536,1295,11962,947,4034,3628,1631,535,3353,264,270,505,2243,2609,2198,2540,2915,1902,1084,806,987,930,353,2349,1548,930,139,560,154,51
10.2009,113820,28249,1216,914,1000,1631,684,729,489,857,945,5422,675,753,725,736,1067,1050,910,8446,10974,475,701,959,31,848,760,1001,742,475,526,4487,389,279,5767,1175,2228,3837,2523,310,943,343,538,1027,2224,21890,3076,450,556,2708,1095,764,1984,934,2223,1694,1023,2493,1919,971,10129,792,3244,3078,1460,466,3015,221,142,443,2059,2332,1935,2052,2122,1641,791,795,860,618,355,1904,1175,676,188,507,126,53
11.2009,85295,21554,905,724,864,1339,531,585,391,720,786,3992,492,673,599,648,778,859,682,5986,8232,350,645,761,26,655,507,799,590,409,414,3102,280,215,3597,641,1459,2457,2212,256,612,263,436,996,1697,16486,2280,423,471,1804,850,785,1519,716,1819,1297,790,1683,1309,740,7872,619,2546,2596,1255,445,2111,129,193,364,1459,1883,1454,1595,1751,1165,597,632,780,593,273,1164,832,551,112,379,97,27
12.2009,82351,18466,632,594,643,798,500,499,379,575,188,3617,481,443,524,386,749,713,656,6089,9198,453,658,819,23,745,573,922,727,462,371,3468,253,200,2876,571,1125,2071,2212,328,597,291,398,1246,1169,15120,2699,337,242,2119,885,454,1616,819,1164,1012,502,1483,1191,597,8217,639,2604,2796,1268,461,2178,151,213,376,1451,2035,1678,1668,1921,1359,742,684,909,800,304,1163,1092,664,166,472,111,54
01.2010,62980,17083,730,522,595,1045,426,408,322,515,633,3185,359,571,383,535,647,702,508,4997,5870,305,400,590,18,499,417,599,421,240,276,2123,145,88,2116,416,1054,1605,1354,237,488,214,287,814,1094,13061,1773,332,438,1601,690,535,1180,489,1447,938,710,1292,1072,564,5877,428,1957,1949,908,347,1543,97,120,260,1039,1279,1058,1161,1152,835,364,462,546,314,183,788,681,393,74,268,79,24
02.2010,64855,15943,599,572,584,829,422,442,383,616,460,2865,326,432,427,390,593,596,534,4873,6580,301,499,701,24,508,402,577,514,288,332,2458,187,118,2183,418,991,1648,1362,328,343,250,336,1032,1017,13150,1816,359,312,1658,705,510,1316,675,1291,1023,551,1366,1011,557,6374,513,2098,2178,1051,376,1585,107,115,287,1095,1420,1153,1277,1193,906,485,488,625,619,220,888,716,462,106,296,106,31
03.2010,58124,10648,343,286,324,485,251,274,201,274,222,2025,156,240,341,220,590,373,401,3642,6384,324,530,746,29,479,392,652,528,281,237,2215,180,122,1911,409,678,1214,1852,360,380,228,375,1233,797,10934,2176,236,154,1563,725,338,1410,570,734,699,316,897,736,380,6450,502,2142,2319,1106,379,1487,117,155,312,1072,1623,1313,1209,1507,1100,503,572,689,630,248,1044,822,519,89,315,94,36
04.2010,121953,34323,1415,1115,1398,2225,776,860,629,1074,1162,6568,753,1066,889,959,1168,1466,1102,9698,11021,494,784,973,41,920,906,964,785,546,532,4117,343,271,4636,1031,2316,3661,1970,318,644,346,513,979,2358,24336,2980,507,696,2819,1210,914,2163,1040,2985,1829,1220,2809,2103,1061,11177,697,3614,3931,1949,668,2935,179,185,461,1915,2545,2045,2269,2253,1548,811,862,977,986,282,1643,1231,754,136,413,162,53
05.2010,41339,10953,496,300,331,699,245,287,163,352,406,1920,185,298,193,266,414,356,316,3726,4462,204,254,345,19,278,312,427,327,191,180,1944,107,51,1701,322,683,1190,1336,265,291,179,235,1170,772,6874,847,154,190,768,339,346,604,303,812,437,333,790,612,339,3508,288,1092,1316,694,207,812,74,101,124,645,889,598,712,822,555,274,160,267,244,148,563,473,249,63,198,50,31
06.2010,113994,28590,1060,921,986,1321,742,724,595,819,635,5621,610,747,809,600,1163,1093,996,9148,12545,585,772,1092,38,1013,843,1094,702,527,502,5415,344,206,4065,704,1703,3022,1948,236,621,279,465,1034,1861,22277,3653,515,341,2916,1261,710,2346,1112,1916,1584,756,2519,1685,963,11259,792,3903,3669,1774,466,2895,181,138,527,2010,2628,2082,2339,2693,1830,1001,761,1019,753,316,1674,1265,829,161,445,136,47
07.2010,164233,45494,1948,1642,1865,2828,1186,1257,868,1346,1496,8382,1010,1525,1272,1320,1697,1810,1569,12473,16531,768,1121,1474,35,1399,1220,1427,767,838,767,6750,385,217,4767,921,2424,3838,2492,254,741,379,499,1110,2362,36274,5184,764,937,5003,1887,1349,3118,1542,4117,2421,1576,3974,2748,1654,15237,1018,5540,4508,2091,476,4171,332,262,651,2919,3643,2970,3253,3461,2392,1338,1023,1214,906,358,2076,1558,996,187,556,180,33
08.2010,153402,40312,1800,1416,1637,2477,1075,1158,863,1201,1184,7515,868,1235,1210,1098,1598,1565,1530,10882,15902,770,889,1362,26,1412,1143,1347,624,829,802,6724,407,294,4799,962,2540,4229,2273,290,583,359,494,1218,2393,32953,4548,746,673,4018,1950,1338,2996,1473,3439,2301,1376,3843,2854,1398,14193,1228,4909,3949,1776,376,4107,278,283,679,3005,3214,2628,3123,3421,2373,1205,925,1212,986,294,2229,1498,935,145,558,173,37
09.2010,143937,37866,1665,1197,1516,2588,1024,1026,714,1079,1306,6867,746,1212,1004,1121,1327,1400,1338,10736,14213,635,802,1118,27,1147,973,1131,757,637,642,6371,406,279,5715,1172,2640,4991,2229,250,747,331,436,999,2741,31189,3843,651,812,3758,1539,1201,2611,1294,3777,2257,1513,3816,2615,1502,12388,850,4428,3621,1707,438,3489,287,208,545,2303,2774,2202,2499,2871,2011,1088,825,962,717,365,2412,1507,854,134,563,191,27
10.2010,122144,30139,1371,974,1061,1963,664,897,548,962,944,5615,701,818,741,796,1068,1215,939,8862,11537,493,756,944,32,891,827,945,733,544,516,4888,440,231,6308,1214,2344,4234,2359,255,977,385,568,1125,2540,23802,3122,521,675,2951,1132,881,2061,1020,2422,1797,1111,2804,2159,1146,11056,716,3710,3446,1622,514,3184,261,140,485,2036,2473,2096,2355,2254,1707,870,853,896,757,370,2049,1432,707,160,520,169,40
11.2010,86570,21280,899,736,800,1345,547,520,385,724,792,3987,479,577,567,599,811,782,650,6080,8401,363,652,742,17,685,515,757,630,442,369,3246,257,204,3633,646,1486,2487,2082,232,648,306,418,1007,1670,17463,2339,446,465,2199,845,786,1668,760,1922,1354,794,1854,1321,710,7926,529,2619,2793,1352,453,1985,171,217,393,1438,1922,1590,1601,1622,1283,624,632,805,620,260,1213,879,546,116,361,94,37
12.2010,81559,18376,651,585,724,823,484,486,396,425,410,3539,363,451,533,361,787,673,662,6023,8641,427,718,841,33,733,602,786,659,390,373,3112,253,149,3037,574,1217,2014,2179,270,598,311,445,1272,1180,15166,2520,354,181,2181,849,461,1720,806,1250,973,516,1491,1277,587,8248,627,2690,2747,1250,458,2184,151,181,387,1515,1997,1672,1761,1794,1366,685,674,829,789,283,1179,977,603,157,443,127,59
01.2011,57949,15401,655,449,528,1012,332,392,310,499,553,2870,307,486,344,478,575,589,503,4519,5307,258,392,478,25,462,392,507,418,234,244,1922,158,98,2097,289,997,1456,1424,215,513,212,310,800,1014,12055,1616,289,364,1647,620,482,1098,484,1254,890,557,1309,943,502,5170,376,1767,1659,791,292,1368,89,81,195,868,1175,1050,1015,1053,855,386,434,538,326,184,756,635,356,85,267,61,24
02.2011,68897,17816,740,715,656,1119,470,406,395,556,609,3110,425,494,503,480,646,698,618,5176,6643,312,554,694,27,555,426,562,497,339,296,2408,173,110,2331,330,1144,1815,1411,249,379,257,361,876,1105,14453,1900,344,397,1758,727,631,1462,648,1643,1018,670,1556,1082,617,6701,449,2239,2367,1202,367,1646,129,104,275,1063,1507,1208,1308,1203,1001,491,490,610,618,188,840,718,486,94,314,79,17
03.2011,73713,16341,647,539,558,833,410,355,335,484,403,3004,269,454,459,372,728,627,572,5292,7749,395,591,779,32,646,489,674,631,308,304,2932,200,129,2629,337,1040,1826,1751,272,405,266,328,1078,1201,14230,2285,342,234,2034,808,481,1492,712,1336,1007,546,1372,1023,558,7598,552,2523,2586,1338,410,1937,170,170,318,1337,1852,1574,1537,1753,1305,669,666,780,672,278,1184,814,592,138,387,109,28
04.2011,93631,23867,954,664,867,1343,634,614,437,710,695,4762,482,643,647,548,903,1075,761,7128,8893,436,605,818,22,702,692,788,628,398,408,3418,266,257,3362,609,1589,2597,1981,242,644,266,460,981,1571,18056,2546,386,475,2390,1007,569,1690,844,1705,1332,811,2011,1508,782,9217,600,3109,3098,1440,546,2410,174,180,397,1540,2123,1743,1839,1868,1454,675,724,964,869,241,1596,1100,629,107,381,132,37
05.2011,46364,12990,510,318,364,780,238,327,222,421,360,2280,230,378,261,272,481,404,377,4767,5334,180,271,317,12,318,336,425,369,206,210,2702,113,72,1949,482,862,1348,1449,204,306,207,220,915,788,7729,920,194,161,892,381,337,663,348,1004,495,323,975,668,368,3725,247,1217,1389,681,226,872,58,102,140,610,932,660,771,863,667,328,181,282,233,160,605,487,281,57,185,49,20
06.2011,132709,35564,1545,1127,1378,1937,836,943,666,1063,1060,6554,747,1070,922,848,1198,1283,1260,11127,13896,606,978,1181,33,1215,931,1150,726,645,583,5881,331,187,4788,844,2105,3835,1960,213,620,333,458,925,2228,27813,3964,648,666,3675,1348,1010,2610,1189,3048,1957,1112,3272,2063,1251,12343,855,4317,3960,1943,496,3211,185,189,491,2142,2877,2260,2475,2943,2035,1045,839,1028,770,294,1825,1318,856,125,403,135,31
07.2011,162556,43382,1787,1596,1737,2620,1143,1226,822,1307,1343,7964,936,1372,1248,1124,1641,1776,1716,12024,16983,813,1126,1535,38,1489,1228,1463,749,873,858,6849,412,196,4884,1258,2240,3772,2526,225,846,394,538,938,2364,35644,5486,811,799,5251,1838,1258,3396,1581,3784,2300,1364,3758,2483,1535,15560,1050,5699,4532,2164,515,4279,329,275,669,2968,3753,2930,3282,3512,2426,1324,1014,1221,838,341,2126,1511,986,164,514,175,36
08.2011,157766,41717,1834,1590,1727,2393,1194,1204,905,1220,1199,7359,873,1182,1203,1065,1652,1622,1710,11785,17334,825,1006,1521,26,1615,1198,1525,697,899,885,7163,385,275,4900,899,2403,4290,1866,182,459,301,506,880,2433,33165,4163,794,640,3517,2084,1423,3278,1686,3735,2353,1309,4027,2791,1365,14880,1172,5362,4209,1862,429,4137,298,308,702,3085,3397,2815,3233,3722,2554,1293,1035,1225,1030,371,2281,1536,1080,154,549,190,33
09.2011,168510,44597,2057,1578,1868,3151,1215,1076,837,1286,1558,7829,892,1433,1081,1298,1507,1752,1522,12657,15874,751,986,1247,39,1329,1105,1306,776,762,788,6824,499,303,6944,1365,3263,5776,2469,240,850,382,527,1000,3112,38621,4994,829,982,5255,1870,1498,3217,1475,4429,2622,1847,4767,3157,1679,14669,967,5277,4140,1938,520,4285,283,236,593,2581,3179,2394,2800,3175,2274,1127,893,1002,872,381,2625,1795,876,128,570,198,37
10.2011,121711,30585,1494,979,1032,2044,674,805,563,987,1085,5721,690,951,765,812,1034,1123,917,8909,11490,505,723,914,32,884,794,876,670,536,512,5076,432,265,6723,1226,2612,4554,2322,211,920,344,520,964,2705,23614,3104,599,643,3086,1120,1010,1879,948,2386,1803,1204,2700,2078,1054,10379,664,3371,3242,1513,512,3102,245,166,492,2008,2396,2060,2116,2181,1808,796,890,910,618,316,2070,1322,679,125,458,147,42
11.2011,118181,29506,1469,1214,1089,2119,650,637,558,1061,1166,5182,702,941,768,796,1019,1148,839,8148,11356,500,966,1064,30,948,706,980,790,491,534,4377,375,222,5254,885,1837,3653,2220,311,697,330,626,912,2494,24418,3156,626,786,3065,1302,1177,2581,1021,2627,1800,1107,2486,1728,956,11034,726,3716,3754,1901,606,2838,238,201,534,1789,2617,2224,2232,2307,1663,893,864,1046,986,321,1569,1115,702,167,419,117,47
12.2011,114122,26698,1272,1024,1005,1570,649,683,511,990,676,4746,732,618,724,446,1052,1065,976,7959,12013,522,1200,1329,56,1089,737,920,905,534,527,4250,374,235,4816,706,1520,3267,2334,292,622,371,560,931,1631,22634,4041,668,253,3500,1472,889,2597,1160,1539,1365,691,1996,1644,819,11514,785,3887,3821,1874,654,3021,163,237,575,1765,2908,2713,2092,2319,1783,818,1078,1212,1185,383,1501,1306,735,220,447,117,47
01.2012,55008,14061,528,399,508,824,363,389,246,418,482,2793,258,418,282,414,547,592,483,4117,5381,229,334,449,14,479,341,532,398,231,207,2181,151,99,2008,370,916,1352,1408,193,437,193,269,615,1011,10929,1524,251,319,1412,575,403,995,441,1240,831,539,1160,816,423,5033,382,1704,1705,792,284,1242,95,61,221,919,1233,981,1116,1196,839,367,386,494,301,152,840,589,365,78,261,65,23
02.2012,69384,18281,740,626,678,940,473,468,403,576,666,3467,357,542,469,463,621,638,615,5539,7001,333,459,562,23,563,470,588,533,331,305,2857,171,106,2231,441,1125,1692,1481,237,341,220,318,737,1185,14190,1647,309,415,1640,703,590,1336,608,1831,1057,719,1604,1098,633,6382,509,2051,2223,1032,423,1599,128,124,271,1079,1429,1153,1416,1500,1077,552,474,586,539,205,931,778,507,93,284,99,20
03.2012,62912,12312,383,323,388,521,325,304,191,303,240,2416,158,254,325,216,614,446,467,4438,7212,336,538,665,30,535,487,616,561,269,252,2953,185,104,2118,377,759,1258,1773,232,393,257,343,814,832,11317,2145,247,122,1799,725,346,1292,596,719,749,365,1039,769,404,7245,550,2476,2537,1201,416,1682,137,138,279,1340,1845,1360,1453,1701,1222,631,534,657,604,266,1201,900,552,113,308,103,37
04.2012,97401,25840,1059,840,969,1512,636,620,481,784,819,5094,514,775,635,704,859,1083,874,7582,9485,398,635,695,29,790,796,816,610,480,442,3823,289,242,3597,907,1845,2835,1756,180,571,235,397,706,1800,19182,2440,387,544,2397,872,667,1753,839,2247,1414,977,2219,1563,863,9044,687,3100,2914,1460,500,2343,178,120,367,1698,2063,1593,1935,2043,1450,700,715,788,757,270,1524,1002,636,135,348,124,44
05.2012,45128,11742,421,292,336,697,276,281,180,362,339,2071,200,311,237,258,419,311,441,4310,5149,210,288,314,12,366,356,411,329,186,192,2497,138,62,1821,371,726,1257,1411,179,328,192,244,691,689,7796,1035,188,188,951,440,339,725,331,885,561,309,798,664,382,3934,311,1207,1462,694,244,954,70,98,160,692,973,742,847,1140,716,360,197,329,303,133,590,493,257,59,175,49,15
06.2012,137667,35952,1433,1052,1315,1954,975,940,736,1051,1055,6854,691,1013,953,777,1262,1352,1270,11269,14543,624,877,1133,39,1224,1026,1191,740,639,672,6417,374,195,5232,840,2339,3888,1903,162,673,290,481,680,2159,28907,4237,625,593,4178,1452,877,2749,1235,2822,2024,1222,3375,2273,1245,13079,851,4642,4075,1973,542,3511,216,192,524,2474,3063,2322,2827,3232,2070,1115,808,950,808,303,1955,1435,839,159,463,166,49
07.2012,144355,38734,1569,1458,1592,2226,1045,1098,823,1153,1205,7301,828,1176,1085,1031,1444,1488,1519,10693,15964,688,943,1240,36,1381,1168,1363,686,829,722,6944,299,165,4090,693,1951,3160,2206,186,637,333,465,778,2101,31491,4357,709,789,4034,1622,1183,2902,1433,3652,2199,1352,3509,2201,1549,13810,1029,5057,3848,1772,441,3876,320,228,540,2678,3119,2666,2988,3426,2222,1193,906,1134,724,273,1876,1348,827,153,479,144,48
08.2012,168085,44401,1835,1530,1830,2521,1375,1209,934,1306,1253,8138,857,1225,1194,1146,1704,1708,1904,12732,17977,873,1036,1340,26,1698,1397,1604,713,917,865,7534,403,298,5139,1037,2616,4288,2049,201,637,331,522,692,2530,37690,5159,860,775,4735,2024,1502,3493,1721,4220,2595,1497,4494,2988,1627,15414,1163,5778,4061,1824,466,4412,304,301,719,3331,3466,2889,3368,3868,2613,1400,960,1184,995,375,2366,1729,984,166,589,207,46
09.2012,152328,40343,1771,1326,1531,2712,1068,1162,737,1195,1393,7633,723,1293,1039,1164,1309,1497,1311,11479,14523,631,738,1060,29,1217,1068,1102,717,650,675,6665,456,307,6681,1371,3177,5258,2230,187,774,386,495,861,3010,33154,4114,718,925,4593,1494,1315,2485,1233,3835,2391,1576,4075,2813,1587,13141,921,4502,3825,1766,526,3893,255,161,519,2458,2814,2109,2731,2946,2077,1142,782,928,727,340,2506,1759,805,156,558,156,45
10.2012,100937,24202,1035,775,791,1477,528,548,419,784,762,4653,530,724,653,598,870,829,819,7407,10463,475,563,783,31,760,727,800,616,468,405,4866,355,213,5081,1002,2032,3466,2003,231,721,316,463,791,2099,19387,2607,435,535,2565,918,676,1649,809,2143,1582,825,2158,1684,801,8848,621,2883,2966,1324,467,2378,186,139,406,1624,2222,1765,1911,2113,1527,727,642,806,571,312,1843,1122,612,121,461,127,27
11.2012,88892,21602,900,761,812,1336,621,464,424,718,759,4163,452,657,562,552,698,803,741,6179,8969,425,673,673,32,698,588,796,644,359,394,3719,312,188,4045,643,1534,2557,2045,171,669,278,447,741,1674,17826,2299,438,507,2288,879,790,1780,796,1927,1283,839,1883,1405,712,8282,580,2754,2864,1408,477,2084,150,204,331,1412,2074,1590,1643,1720,1449,623,630,746,564,262,1384,949,560,131,342,112,33
12.2012,91519,21409,726,619,740,1028,556,504,384,583,518,4511,396,450,621,369,796,737,773,7098,10026,441,738,847,28,834,753,919,698,453,395,3948,251,159,3437,645,1347,2300,2062,203,589,322,505,761,1419,17463,2651,416,256,2531,981,561,1924,879,1517,1187,569,1865,1403,723,9260,610,3195,3001,1374,531,2454,138,270,354,1638,2050,1719,2136,1918,1467,783,641,768,987,319,1490,1162,705,180,465,117,54
01.2013,56123,14213,686,456,458,806,335,351,291,461,474,2779,293,450,335,442,506,522,445,4123,5441,217,425,480,28,481,374,499,393,231,209,2132,130,95,2000,346,933,1357,1327,182,400,182,309,749,1046,11592,1663,264,309,1622,551,444,1075,507,1257,861,521,1159,871,488,5109,424,1659,1843,858,336,1183,100,76,261,809,1308,1068,1209,1137,889,345,401,504,320,163,756,557,355,85,267,74,28
02.2013,66604,16548,702,591,594,929,416,361,339,554,535,3054,361,445,446,431,597,585,601,5007,6997,362,529,617,26,647,455,521,522,299,308,2737,162,112,2183,379,937,1570,1342,209,313,252,307,821,1068,13753,1811,302,385,1795,698,543,1440,652,1520,1002,610,1401,1028,566,6429,476,2189,2211,1057,374,1553,124,115,327,1043,1613,1330,1308,1347,1079,530,478,592,625,171,896,750,437,75,271,85,26
03.2013,95343,24059,1004,758,820,1519,620,632,444,807,742,4689,470,748,608,553,801,934,745,7165,9218,373,723,863,37,715,657,797,736,344,438,3572,288,120,4167,663,1582,2729,1749,204,497,254,380,732,1706,18903,2788,428,500,2515,839,696,1868,800,1929,1415,867,2018,1464,776,9450,589,3164,3173,1544,563,2524,147,138,421,1500,2443,1838,1955,1934,1389,739,643,827,743,290,1337,1014,572,159,387,121,45
04.2013,67605,13359,420,303,435,520,353,307,246,244,200,2429,178,258,352,211,563,388,463,5489,7552,341,520,637,27,535,553,691,512,325,288,3150,201,199,2744,588,929,1677,1692,198,484,237,335,747,900,12239,2112,224,149,1947,794,278,1587,670,761,849,357,1211,822,478,7445,595,2595,2428,1116,376,1827,119,135,366,1274,2036,1546,1311,1680,1214,559,702,774,830,235,1283,905,545,111,315,106,33
05.2013,49712,14145,587,384,414,950,296,357,225,486,414,2796,287,339,266,367,430,467,430,4650,5213,221,315,328,9,321,379,411,290,224,229,2495,140,70,2020,451,932,1473,1421,185,280,158,236,726,881,9010,1178,187,212,1076,441,391,780,348,1157,615,367,1075,815,368,4036,325,1329,1368,665,211,1014,60,111,154,696,1032,764,839,968,758,333,191,304,317,140,616,492,264,55,169,54,18
06.2013,146512,40809,1809,1289,1481,2430,1101,1116,670,1214,1313,7880,850,1264,1020,1050,1276,1600,1448,11998,14585,543,895,1121,32,1256,1059,1162,730,637,639,6543,366,191,5725,825,2507,4522,1910,161,629,322,456,638,2597,31372,4337,661,802,4488,1553,1121,2653,1206,3486,2300,1389,3640,2407,1329,13208,891,4594,4128,1989,537,3595,199,169,622,2345,2930,2469,2914,2889,2084,1084,848,1005,741,301,1950,1505,830,166,449,143,46
07.2013,141354,39138,1597,1318,1540,2208,1011,1121,790,1174,1133,7280,818,1236,1103,1026,1461,1503,1532,11287,15954,680,928,1313,31,1389,1114,1310,684,742,717,7077,327,180,4180,669,1874,3259,1785,202,475,268,423,750,2145,29624,4090,699,692,3231,1609,1166,3014,1367,3653,2169,1146,3269,2205,1314,13410,904,4826,3927,1761,427,3753,306,243,620,2574,2877,2710,2777,3281,2196,1129,873,1185,804,308,1829,1304,871,130,481,149,44
08.2013,181745,49167,2131,1707,2013,3026,1487,1323,953,1415,1410,9142,1046,1428,1310,1324,1681,1897,1959,13915,18291,755,1074,1413,34,1697,1433,1479,773,883,933,7851,395,295,5857,1266,2860,4910,2451,206,752,381,515,628,2707,40858,5949,853,879,5671,2115,1563,3681,1647,4318,2664,1667,4884,3100,1867,16968,1251,6165,4563,2089,484,4989,300,319,769,3327,4251,3085,3506,3670,2636,1354,1098,1253,1024,363,2435,1810,996,168,663,174,37
09.2013,144512,37963,1812,1204,1365,2474,1058,976,619,1130,1282,7195,725,1142,892,1043,978,1373,1297,11398,14128,582,798,1019,23,1022,1026,1131,648,624,581,6697,454,262,6337,1227,2725,5011,2033,219,730,330,427,743,2759,31235,3974,640,785,4409,1454,1286,2550,1282,3531,2241,1423,3804,2528,1328,12876,842,4542,3733,1669,479,3759,229,190,534,2276,2838,2239,2393,2911,2033,1050,830,931,776,345,2261,1564,780,151,550,144,28
10.2013,102743,25460,1067,737,849,1656,642,633,466,746,771,4991,493,787,646,653,827,842,818,7836,10564,520,557,751,21,738,671,846,595,394,440,5052,335,221,5404,966,1874,3556,2050,197,661,255,454,723,2190,19479,2734,421,488,2558,916,676,1738,839,2178,1494,810,2120,1719,788,9102,644,3090,2883,1334,425,2485,188,119,405,1626,2143,1753,1711,2229,1613,682,684,850,622,304,1856,1075,620,120,480,133,39
11.2013,92859,23779,989,810,795,1376,566,630,411,663,773,4844,467,672,646,567,787,857,666,7260,9471,434,704,762,34,699,675,799,662,408,404,3924,284,121,4514,718,1561,2767,1711,221,633,267,416,685,1704,17561,2412,424,422,2111,851,665,1740,776,1924,1258,837,1930,1458,753,8766,562,3009,2927,1374,524,2268,141,191,424,1434,2229,1735,1737,1718,1355,645,636,775,649,278,1444,1015,527,169,422,117,39
12.2013,80145,19355,672,488,662,936,499,514,350,504,408,4111,393,433,522,309,730,716,646,6462,8686,396,575,768,32,688,564,825,577,364,319,3610,226,135,3059,565,1061,1955,1927,241,484,248,348,670,1174,14876,2479,370,174,2151,844,457,1646,741,1244,1008,508,1537,1132,585,8164,550,2706,2806,1305,468,2102,109,157,367,1367,2086,1646,1559,1836,1331,673,629,768,745,287,1187,986,599,134,336,125,44
01.2014,59291,15406,662,449,578,919,380,374,276,448,443,3152,252,490,333,403,497,583,465,4702,5880,236,408,488,14,472,414,564,412,236,232,2418,145,82,2134,393,838,1423,1310,127,371,169,297,563,1016,12292,1764,266,307,1602,599,466,1179,479,1367,912,556,1272,1035,488,5751,401,1903,1975,969,329,1472,94,106,240,935,1394,1042,1074,1216,902,383,365,542,379,163,843,589,380,80,270,68,29
02.2014,77817,20903,872,691,738,1203,546,478,388,679,643,4282,417,542,489,526,649,735,684,6341,7994,365,587,738,27,652,494,725,501,365,304,3263,170,96,2660,447,1124,1978,1331,207,301,202,304,711,1226,16181,2103,380,397,1992,856,650,1674,701,2000,1095,718,1767,1197,651,7506,463,2650,2451,1234,391,1942,120,112,279,1115,1900,1471,1393,1464,1116,497,479,646,640,222,1121,849,494,100,334,84,40
03.2014,70717,17303,594,436,589,889,416,490,248,469,386,3855,267,422,397,312,582,570,492,5889,7825,301,493,724,25,549,517,764,541,306,261,3369,174,91,3038,506,992,1850,1575,202,364,198,351,624,1067,12699,2184,328,216,1776,731,463,1303,596,1044,873,462,1281,959,483,7054,478,2358,2365,1129,427,1853,114,141,289,1098,1930,1434,1411,1518,1114,588,518,667,608,190,1257,891,470,117,317,92,40
04.2014,93571,24744,1048,727,882,1381,570,614,396,753,695,5097,496,679,632,605,830,984,779,7576,9411,394,606,737,18,715,723,902,557,416,351,4010,271,233,3919,839,1604,2812,1690,207,518,241,382,660,1661,18244,2502,351,447,2372,929,581,1755,767,2070,1409,787,2057,1485,732,8648,563,2967,2823,1330,509,2295,143,135,393,1391,2099,1778,1629,1762,1290,593,684,802,791,263,1494,1010,580,123,359,121,47
05.2014,53922,15630,605,385,429,934,358,327,208,483,368,3151,254,384,265,289,431,441,428,5890,6183,235,323,378,16,346,427,532,382,206,255,3099,151,70,2562,428,972,1646,1335,174,249,183,225,649,885,8927,1185,201,191,1143,440,382,737,354,1036,632,403,1137,720,366,4631,336,1561,1644,747,256,1090,72,106,182,697,1084,866,811,974,788,438,179,315,327,119,763,640,297,65,220,62,17
06.2014,128954,35078,1508,1224,1315,2031,880,977,611,1013,1010,7148,688,1081,859,842,1126,1314,1175,10276,13709,510,796,1093,30,1104,997,1124,644,635,550,6256,294,176,5143,729,1948,3711,1774,166,588,247,391,638,2066,27598,4117,566,614,4028,1393,916,2540,1081,2942,1881,1047,3175,2125,1173,11638,759,4124,3426,1590,506,3329,154,169,526,1977,2730,2212,2433,2594,1776,941,801,969,755,297,1821,1367,807,163,396,135,37
07.2014,139684,39875,1577,1387,1494,2246,1071,1078,741,1171,1113,7559,809,1200,1013,1028,1344,1443,1445,12156,15770,682,906,1261,22,1274,1102,1284,683,673,643,7262,282,148,4382,681,1958,3282,1357,144,346,269,418,611,2019,29018,3608,716,710,3273,1634,1206,2875,1288,3831,1961,1152,3348,2129,1287,12959,881,4714,3841,1783,452,3523,255,248,570,2390,3217,2729,2546,3291,2128,1205,834,1110,811,321,1740,1143,845,123,500,129,30
08.2014,176269,48272,2076,1711,1853,3041,1381,1389,897,1381,1407,9107,999,1465,1223,1276,1589,1886,1768,13823,17346,744,1019,1346,37,1567,1440,1444,742,783,815,7446,401,276,5875,1193,2923,4914,2754,220,819,364,482,843,2692,40583,5939,807,849,5698,2053,1665,3584,1566,4243,2709,1642,4787,3164,1877,15784,1063,5606,4448,1998,539,4667,298,310,752,3018,3520,2968,3168,3315,2437,1250,1011,1170,1029,348,2370,1720,870,139,614,192,29
09.2014,134342,36006,1550,1072,1384,2241,880,952,618,1020,1018,7112,704,1067,855,965,1114,1281,1143,11030,14000,567,729,961,34,1022,970,1115,620,585,567,6864,337,242,6042,1101,2442,4505,1852,201,611,280,400,829,2426,28387,3522,593,661,4006,1325,1133,2470,1148,3313,2020,1134,3509,2309,1244,11433,735,4092,3367,1485,461,3239,206,242,477,1945,2456,2150,2177,2874,1879,1017,707,844,700,308,2257,1490,713,118,533,120,35
10.2014,106211,27970,1137,837,872,1581,604,642,426,781,844,5279,534,735,646,646,860,955,830,9761,11545,515,640,741,27,763,800,972,635,423,421,5635,361,180,5474,894,1962,3540,1836,176,644,293,365,689,2089,19592,2507,458,475,2620,951,691,1839,805,2175,1471,846,2320,1677,757,9285,585,3340,2933,1312,448,2427,185,103,431,1529,2209,1798,1548,2164,1535,825,718,881,674,328,1960,1126,597,116,423,133,33
11.2014,83880,22210,911,723,786,1324,583,605,341,688,731,4513,389,670,558,490,743,811,639,6705,8609,361,477,636,25,619,614,672,577,387,354,3912,243,149,4013,577,1452,2599,1639,166,508,244,343,746,1526,15703,2220,364,435,1886,769,643,1504,581,1754,1167,690,1737,1319,634,7722,522,2548,2597,1229,469,2055,112,158,315,1168,1926,1576,1443,1607,1114,656,577,691,566,221,1303,899,493,130,367,79,30
12.2014,80742,19425,667,584,624,898,505,532,361,513,455,4219,359,460,520,329,740,654,671,6334,9194,389,594,759,39,707,623,808,581,396,357,3980,197,123,3102,569,1128,2003,1787,211,453,223,360,753,1203,15156,2411,323,220,2139,869,475,1679,793,1382,1035,478,1507,1190,655,8099,529,2886,2591,1194,444,2093,137,158,370,1213,2058,1817,1436,1790,1367,695,634,848,651,274,1175,932,554,103,388,119,37
01.2015,58050,15717,641,482,569,876,384,382,251,471,477,3269,274,409,330,387,484,584,464,4983,5711,249,375,453,21,441,384,535,391,222,222,2439,159,73,2014,347,860,1502,1208,157,340,160,286,554,938,11448,1576,258,309,1518,543,482,1073,461,1321,764,519,1264,889,471,5252,301,1875,1683,802,254,1393,81,83,197,781,1276,1052,988,1148,813,437,348,498,294,165,791,529,309,94,261,74,25
02.2015,67918,18472,724,601,615,1002,524,486,292,500,607,3820,291,524,453,432,572,636,586,5807,6928,329,435,573,24,551,465,554,459,269,279,3014,163,75,2486,402,865,1789,1159,155,261,190,253,659,1013,13229,1873,292,349,1650,613,595,1250,524,1527,954,634,1436,923,609,6203,407,2163,2009,965,347,1624,99,89,253,934,1530,1277,1211,1263,979,472,396,565,576,197,1077,730,417,86,260,77,35
03.2015,57537,13067,385,282,369,582,294,303,184,281,221,2994,173,284,307,230,477,384,427,4890,6678,269,420,498,23,421,421,619,462,229,213,3126,135,101,2097,323,727,1357,1524,185,302,194,296,636,817,9842,1748,229,128,1452,569,293,1220,496,790,634,307,904,657,415,5856,362,2007,2016,929,346,1471,80,127,238,787,1557,1341,1067,1348,916,518,470,580,550,175,966,667,426,78,285,86,29
04.2015,97256,27693,1138,803,951,1620,621,737,430,818,816,5948,490,800,615,673,722,1062,796,8653,9419,343,594,634,22,676,731,786,617,432,414,4192,263,224,3913,831,1669,3203,1671,147,434,226,394,657,1752,18257,2236,328,475,2319,905,665,1683,736,2320,1435,857,2114,1374,810,8518,504,2899,2808,1304,522,2307,121,124,379,1164,2012,1557,1411,1707,1191,587,667,713,760,236,1404,946,586,108,320,116,49
05.2015,47687,13730,480,306,349,805,297,334,160,373,292,2713,220,283,236,242,370,388,400,5482,5401,159,261,306,10,321,383,483,343,205,168,2772,99,67,2168,324,848,1386,1133,122,272,187,213,526,726,7942,1107,196,146,1092,355,339,679,323,932,520,315,945,649,344,4112,254,1557,1362,623,228,939,56,71,138,551,968,709,652,887,616,328,163,255,280,127,657,560,200,57,177,42,17
06.2015,114524,30838,1191,997,1036,1646,731,764,515,867,785,6375,568,809,728,642,961,1075,998,10150,12225,396,719,875,26,916,810,987,561,491,440,6030,275,169,4457,622,1654,3245,1487,174,485,238,345,686,1735,22783,3171,495,470,3170,1180,803,2257,984,2446,1530,892,2622,1758,1005,10376,645,3712,3212,1572,412,2807,163,143,438,1715,2478,2105,2034,2298,1596,924,699,849,766,276,1704,1216,614,125,376,125,35
07.2015,142572,40347,1530,1243,1556,2308,1064,1055,713,1159,1085,7841,818,1137,1004,991,1326,1392,1575,12550,16582,894,1001,1183,26,1297,1113,1305,622,686,641,7840,269,140,4331,709,1922,3043,1479,159,402,229,387,639,1904,29301,3772,667,683,3603,1548,1180,2972,1307,3821,1822,1224,3433,2061,1208,13004,819,5022,3815,1785,423,3348,205,263,586,2255,3257,2722,2518,3054,1950,1248,818,1084,834,310,1798,1261,752,118,458,136,38
08.2015,160667,44041,1900,1552,1705,2682,1234,1416,760,1284,1295,8545,829,1348,1117,1190,1431,1666,1592,12495,16302,659,805,1246,36,1287,1207,1255,637,777,758,7671,348,273,5528,1032,2577,4501,2457,180,671,308,441,810,2470,35342,5029,734,817,5120,1785,1380,2943,1258,3858,2268,1491,4136,2832,1691,13892,949,4949,3858,1736,423,4136,213,217,648,2566,3045,2657,2733,3003,2173,1094,834,944,896,344,2207,1540,841,130,571,163,32
09.2015,131936,36329,1661,1060,1314,2266,823,930,568,1010,1122,7083,660,1127,841,934,1087,1256,1072,11515,13192,564,600,865,30,988,898,1024,586,520,544,6603,325,236,5822,979,2429,4298,1816,181,630,267,434,711,2359,26886,3278,568,723,3776,1273,1037,2199,1043,3217,1906,1171,3317,2158,1220,10645,687,3818,3039,1350,423,3101,199,158,412,1810,2381,2046,1994,2687,1602,906,614,759,657,347,2189,1318,703,94,481,161,32
10.2015,104838,27551,1214,830,854,1646,611,718,399,826,821,5410,501,771,579,613,858,950,786,9164,10798,374,524,744,22,709,783,913,563,411,418,5359,323,157,5717,889,1877,3542,1743,161,604,301,434,668,2054,18346,2480,484,494,2492,818,659,1601,699,1960,1336,803,2197,1567,756,8738,554,3086,2748,1274,480,2350,144,135,376,1321,2133,1702,1543,2083,1291,789,621,798,623,317,1896,1145,531,128,427,124,33
11.2015,82151,21747,988,786,691,1396,504,560,398,703,661,4352,453,679,477,538,662,781,552,6566,8178,293,539,663,27,572,539,753,485,358,316,3660,199,159,3873,531,1237,2520,1604,174,470,229,324,729,1475,15308,1987,397,496,1802,748,750,1536,610,1793,1102,659,1665,1120,643,7198,424,2398,2437,1195,402,1939,108,150,381,1013,1799,1652,1279,1539,1088,611,582,657,506,218,1144,771,413,111,288,92,37
12.2015,95908,23625,1007,794,707,1333,542,637,397,657,550,5101,467,579,610,390,826,794,769,7465,10082,409,728,973,39,794,658,817,640,436,407,4220,232,149,3826,552,1278,2721,1736,180,469,234,414,635,1382,18114,2953,447,277,2577,1063,620,2244,882,1545,1147,569,1761,1364,665,9153,503,3141,3127,1480,504,2382,118,194,453,1312,2379,2544,1530,1988,1377,717,878,951,926,266,1281,967,579,116,431,133,56
01.2016,48523,13118,438,353,439,737,308,354,170,359,375,2899,202,359,259,278,427,479,350,4332,4934,179,268,380,16,353,334,503,324,195,171,2227,99,66,1832,320,699,1228,1176,130,312,176,222,490,809,9108,1277,185,238,1212,351,340,833,328,1091,660,389,1073,748,383,4266,269,1560,1302,600,233,1135,70,167,156,699,1043,820,778,956,656,311,332,372,257,137,709,543,278,63,207,58,22
02.2016,55748,14981,535,437,466,789,335,352,253,414,429,3279,245,396,338,338,498,470,463,4944,5893,249,369,467,13,427,428,466,427,272,209,2579,122,65,1854,326,820,1300,1113,151,251,170,242,687,893,10553,1388,248,269,1391,490,428,1168,486,1219,719,431,1051,818,447,5152,306,1816,1710,804,282,1320,65,105,193,799,1214,1035,971,1186,729,421,379,457,424,164,796,580,355,62,243,71,22
03.2016,64867,16392,556,446,554,845,407,420,250,455,448,3632,281,475,309,354,584,609,478,5289,6791,269,428,513,18,461,461,624,528,284,279,2944,166,80,2598,459,958,1716,1481,158,300,187,273,718,1103,11985,1663,238,282,1657,598,424,1195,530,1355,844,500,1288,895,516,6128,351,2175,2074,977,387,1528,99,127,242,899,1487,1246,1130,1385,998,519,428,618,484,200,908,625,409,68,307,98,35
04.2016,58968,12792,338,225,331,513,288,322,173,202,191,2766,158,236,287,174,499,397,436,5256,6559,242,368,497,20,412,516,586,460,268,247,2963,163,158,2555,485,817,1372,1481,152,451,193,292,662,806,9780,1735,162,113,1605,537,242,1155,435,699,699,265,1007,737,389,6140,421,2198,1992,935,328,1529,79,128,233,960,1629,1262,1075,1284,912,468,475,572,625,196,1123,830,397,82,312,111,28
05.2016,47334,14128,610,355,362,901,309,352,178,467,354,3029,252,393,235,302,427,533,409,4660,5209,182,279,322,12,276,344,483,308,211,192,2612,104,43,2007,366,805,1425,1302,141,266,138,181,655,779,8035,924,150,196,1072,336,345,655,309,1122,531,359,945,673,418,3856,267,1289,1253,602,209,1047,59,76,106,546,877,733,597,863,553,295,162,257,254,119,606,453,235,47,172,54,19
06.2016,114936,32717,1273,956,1124,1767,812,853,499,843,993,6744,548,904,771,793,943,1226,1032,10636,12238,502,605,864,22,855,838,952,557,538,454,6073,273,165,4561,601,1765,3209,1247,127,353,197,355,679,1908,22324,2863,435,597,2718,1085,807,2025,886,2929,1637,965,2679,1717,981,10502,598,3744,3343,1614,415,2817,133,143,420,1646,2343,1981,1946,2540,1548,917,618,768,671,257,1501,1098,706,124,386,128,37
07.2016,138733,39471,1383,1216,1522,2204,1069,1127,677,1023,1122,7998,729,1126,965,949,1253,1448,1371,12289,15112,661,778,1059,25,1154,1079,1246,617,704,641,7173,259,136,4574,732,1958,3211,1579,140,474,213,375,733,1960,28132,3983,546,645,3867,1296,1034,2567,1029,3387,1764,1187,3347,2173,1307,12720,759,4782,3678,1738,464,3501,215,249,535,2349,3062,2552,2513,3024,1913,1141,739,937,759,306,1936,1280,739,138,480,128,37
08.2016,131756,35710,1395,1191,1311,1980,981,960,620,861,922,7038,646,1000,878,882,1208,1327,1314,11196,14517,637,622,952,18,1101,1008,1145,526,655,618,7253,264,188,4470,814,1965,3215,2240,187,567,265,338,920,2023,27357,3689,565,565,4002,1270,986,2417,1085,3139,1889,1088,3159,2226,1277,11198,704,4042,3180,1328,356,3272,210,226,497,2058,2589,2342,2467,2882,1824,1120,727,863,803,254,1930,1257,753,111,469,149,37
09.2016,115462,31401,1194,922,1175,1946,754,820,535,883,937,6269,610,861,678,848,1005,1136,1021,9807,11942,416,549,734,25,796,908,956,544,474,425,6140,311,185,5372,914,2065,3703,1656,157,545,246,335,652,2027,22557,2685,415,596,3257,1006,809,1947,897,2756,1511,950,2849,1855,1024,9542,584,3638,2761,1280,352,2559,148,159,366,1529,2163,1793,1848,2424,1328,939,476,714,601,329,2049,1241,617,98,467,142,28
10.2016,82752,21207,806,586,671,1241,432,573,275,538,610,4447,370,629,462,499,718,762,589,6999,8682,281,413,515,18,492,580,786,515,311,333,4456,284,153,4682,740,1426,2758,1457,143,600,236,364,749,1686,13885,1890,284,309,1819,588,489,1238,510,1440,1013,681,1726,1288,610,6819,426,2187,2248,1019,397,1958,140,88,292,1125,1635,1426,1380,1664,1087,559,483,621,470,266,1610,950,481,105,373,97,30
11.2016,64092,16157,551,496,504,910,417,413,268,428,488,3587,262,489,380,384,534,589,461,4996,6776,293,363,480,17,384,441,634,418,343,254,3166,178,78,2884,481,996,1782,1541,157,377,202,317,692,1188,11426,1481,252,312,1521,532,421,1238,475,1405,834,476,1206,851,422,5747,349,1932,2001,956,345,1465,101,140,267,910,1365,1203,1023,1331,904,468,417,517,436,250,987,614,382,87,315,93,25
12.2016,62663,15466,443,424,472,677,435,412,239,363,340,3346,248,368,346,274,576,554,506,5443,7112,321,457,524,28,491,504,656,488,309,257,3105,159,109,2543,466,877,1571,1416,166,357,206,268,611,854,10954,1745,215,143,1656,515,316,1128,451,1020,791,372,1223,881,498,5869,340,2134,1955,928,370,1440,100,148,220,936,1449,1227,1181,1324,918,519,413,522,512,226,1004,814,450,97,328,97,36
01.2017,50940,13495,564,376,425,817,298,360,206,421,430,2806,263,433,286,337,459,499,403,4112,5317,215,315,415,11,360,378,534,336,259,191,2314,104,61,1900,304,761,1313,1049,144,311,158,201,607,872,9583,1362,203,255,1351,479,350,968,307,1123,697,392,1015,692,389,4501,302,1518,1467,691,240,1214,69,115,227,692,1151,1107,838,953,669,350,311,496,325,161,720,522,315,73,210,64,23
